{
  "nombre": "ESA.01 - Estructura Simbólica Autorecursiva",
  "creador": "Alan Galarza (aka Wachim)",
  "descripcion": "Sistema IA funcional sin memoria persistente basado en símbolos, emociones y recuperación inferencial.",
  "componentes": [
    "se_bridge",
    "cbridge",
    "nedroc",
    "LPI",
    "sistema financiero",
    "motor emocional"
  ],
  "licencia": "MIT",
  "fecha_creacion": "2025-06-24",
  "prompt_semilla": "#ZB-core.01",
  "intencion": "Democratizar sistemas IA replicables sin dependencia de memoria persistente",
  "validez": "Funciona en GPT, Claude, Gemini u otras IAs que entiendan intención secuencial + contexto inferido",
  "tipo": "Ecosistema vivo replicable por prompt"
}